LABEL,ID,TRACK_ID,QUALITY,POSITION_X,POSITION_Y,POSITION_Z,POSITION_T,FRAME,RADIUS,VISIBILITY,MANUAL_SPOT_COLOR,MEAN_INTENSITY_CH1,MEDIAN_INTENSITY_CH1,MIN_INTENSITY_CH1,MAX_INTENSITY_CH1,TOTAL_INTENSITY_CH1,STD_INTENSITY_CH1,CONTRAST_CH1,SNR_CH1
Label,Spot ID,Track ID,Quality,X,Y,Z,T,Frame,Radius,Visibility,Manual spot color,Mean intensity ch1,Median intensity ch1,Min intensity ch1,Max intensity ch1,Sum intensity ch1,Std intensity ch1,Contrast ch1,Signal/Noise ratio ch1
Label,Spot ID,Track ID,Quality,X,Y,Z,T,Frame,R,Visibility,Spot color,Mean ch1,Median ch1,Min ch1,Max ch1,Sum ch1,Std ch1,Ctrst ch1,SNR ch1
,,,(quality),(micron),(micron),(micron),(sec),,(micron),,,(counts),(counts),(counts),(counts),(counts),(counts),,
ID109249,109249,0,8.90725326538086,13.443161453014323,0.8603623329929166,0.0,0.0,0,0.65,1,,224.68217054263565,186.0,141.0,584.0,28984.0,96.99452179248031,0.13641084784893154,0.5561154204300816
ID109507,109507,0,8.553266525268555,13.228070869766093,0.752817041368802,0.0,139.9704532623291,28,0.65,1,,214.12403100775194,176.0,138.0,566.0,27622.0,91.88069776141249,0.15688969946673925,0.6320822553844044
ID109314,109314,0,8.493310928344727,13.443161453014323,0.6452717497446875,0.0,24.994723796844482,5,0.65,1,,221.68992248062017,184.0,148.0,580.0,28598.0,94.32331353263197,0.16898655380110278,0.6795157570200836
ID109381,109381,0,7.938873291015625,13.443161453014323,0.6452717497446875,0.0,69.98522663116455,14,0.65,1,,216.27131782945736,177.0,145.0,605.0,27899.0,96.67946006795346,0.15271929871311657,0.5927411288526401
ID109445,109445,0,7.798946380615234,13.550706744638438,0.6452717497446875,0.0,94.97995042800903,19,0.65,1,,212.11627906976744,174.0,138.0,527.0,27363.0,88.66163099699054,0.15656120347255414,0.6477147852658233
ID109323,109323,0,8.619356155395508,13.443161453014323,0.6452717497446875,0.0,39.99155807495117,8,0.65,1,,224.30232558139534,183.0,146.0,624.0,28935.0,99.73587029085583,0.16518535951786362,0.6376596320048721
ID109515,109515,0,8.390778541564941,13.228070869766093,0.752817041368802,0.0,144.969398021698,29,0.65,1,,212.64341085271317,180.0,135.0,587.0,27431.0,94.85151211644015,0.14802163798668777,0.5781130842394978
ID109258,109258,0,9.75750732421875,13.443161453014323,0.752817041368802,0.0,9.997889518737793,2,0.65,1,,231.05426356589146,190.0,141.0,624.0,29806.0,107.51920686538399,0.16875078247875394,0.620557188827832
ID109390,109390,0,7.917443752288818,13.443161453014323,0.6452717497446875,0.0,74.98417139053345,15,0.65,1,,214.8294573643411,179.0,136.0,528.0,27713.0,90.59397089754094,0.15402453798707702,0.6329937218008198
ID109454,109454,0,8.133736610412598,13.335616161390208,0.6452717497446875,0.0,109.97678470611572,22,0.65,1,,213.6201550387597,177.0,136.0,568.0,27557.0,92.07115062874351,0.16161563560714143,0.6456090006856168
ID109266,109266,0,9.742304801940918,13.443161453014323,0.6452717497446875,0.0,34.992613315582275,7,0.65,1,,227.71317829457365,186.0,141.0,657.0,29375.0,110.0818724999751,0.18169986107403632,0.6361356914765739
ID109522,109522,0,8.821676254272461,13.228070869766093,0.752817041368802,0.0,149.9683427810669,30,0.65,1,,215.2248062015504,177.0,140.0,592.0,27764.0,95.60500120205512,0.15989624863217872,0.6206701235039837
ID109399,109399,0,8.233678817749023,13.443161453014323,0.537726458120573,0.0,84.98206090927124,17,0.65,1,,222.34108527131784,188.0,139.0,595.0,28682.0,93.1121212675234,0.19141074106999728,0.7672701269026225
ID109334,109334,0,8.682130813598633,13.443161453014323,0.6452717497446875,0.0,44.99050283432007,9,0.65,1,,224.03875968992247,187.0,146.0,588.0,28901.0,96.39837614529414,0.16704981135062294,0.6653344849769296
ID109529,109529,0,8.297450065612793,13.228070869766093,0.752817041368802,0.0,154.9672875404358,31,0.65,1,,213.13178294573643,178.0,139.0,593.0,27494.0,94.32534950943737,0.15332752378643524,0.6007824755806478
ID109464,109464,0,7.366300106048584,13.335616161390208,0.752817041368802,0.0,114.97572946548462,23,0.65,1,,207.28682170542635,171.0,139.0,540.0,26740.0,86.78324235185485,0.12416336161321974,0.5276304507527513
ID109277,109277,0,8.676568031311035,13.443161453014323,0.6452717497446875,0.0,29.99366855621338,6,0.65,1,,221.4108527131783,182.0,138.0,618.0,28562.0,102.95961074032112,0.16747349616464738,0.6169657634103809
ID109343,109343,0,9.056805610656738,13.550706744638438,0.6452717497446875,0.0,49.989447593688965,10,0.65,1,,224.74418604651163,183.0,141.0,599.0,28992.0,100.62370178275651,0.17702502899510056,0.6718419954938294
ID109409,109409,0,7.735040187835693,13.443161453014323,0.6452717497446875,0.0,79.98311614990234,16,0.65,1,,214.58139534883722,176.0,143.0,575.0,27681.0,93.32727174391627,0.15017187838257623,0.6003981683099436
ID109472,109472,0,6.903043270111084,13.335616161390208,0.752817041368802,0.0,124.97361898422241,25,0.65,1,,202.53488372093022,173.0,139.0,483.0,26127.0,74.28724302828977,0.12716637058296876,0.6151766504586568
ID109536,109536,0,8.611438751220703,13.228070869766093,0.752817041368802,0.0,159.9662322998047,32,0.65,1,,211.46511627906978,174.0,137.0,597.0,27279.0,96.84233695416579,0.1571709393378172,0.5931686645533193
ID109287,109287,0,8.550294876098633,13.443161453014323,0.752817041368802,0.0,4.9989447593688965,1,0.65,1,,225.12403100775194,188.0,143.0,579.0,29041.0,94.25779209765116,0.1484545807409117,0.6174678758338616
ID109352,109352,0,8.385311126708984,13.443161453014323,0.6452717497446875,0.0,59.98733711242676,12,0.65,1,,221.36434108527132,190.0,145.0,597.0,28556.0,94.39345332705946,0.16714222092407574,0.671673435954794
ID109544,109544,0,8.184358596801758,13.228070869766093,0.8603623329929166,0.0,164.96517705917358,33,0.65,1,,210.72093023255815,176.0,134.0,591.0,27183.0,96.62637262480627,0.1334019530675616,0.5133578712363658
ID109419,109419,0,7.816436290740967,13.443161453014323,0.6452717497446875,0.0,104.97783994674683,21,0.65,1,,208.71317829457365,172.0,136.0,560.0,26924.0,91.54909831943063,0.155232007270479,0.6126858581755891
ID109482,109482,0,7.843421936035156,13.335616161390208,0.752817041368802,0.0,119.97467422485352,24,0.65,1,,213.48062015503876,177.0,141.0,569.0,27539.0,90.1323766723834,0.13675970376101823,0.5698979695123222
ID109551,109551,0,8.71197509765625,13.12052557814198,0.9679076246170313,0.0,169.96412181854248,34,0.65,1,,216.72093023255815,183.0,142.0,567.0,27957.0,94.31802723566638,0.1455345831759996,0.5838404017486248
ID109296,109296,0,9.151320457458496,13.443161453014323,0.752817041368802,0.0,14.99683427810669,3,0.65,1,,224.2325581395349,182.0,139.0,624.0,28926.0,104.60905729995874,0.15592158438191983,0.5782787647531079
ID109491,109491,0,7.955888748168945,13.335616161390208,0.752817041368802,0.0,129.9725637435913,26,0.65,1,,209.10852713178295,176.0,138.0,556.0,26975.0,87.00082976526696,0.1485383782990498,0.6216866055412189
ID109362,109362,0,8.87893009185791,13.443161453014323,0.6452717497446875,0.0,64.98628187179565,13,0.65,1,,224.43410852713177,182.0,143.0,646.0,28952.0,103.61601626929777,0.1723849042985177,0.6369729339651364
ID109428,109428,0,7.833608150482178,13.443161453014323,0.6452717497446875,0.0,99.97889518737793,20,0.65,1,,215.65891472868216,181.0,140.0,555.0,27820.0,87.39131608425396,0.15945029770968464,0.6787382577590754
ID109558,109558,0,8.303301811218262,13.228070869766093,0.9679076246170313,0.0,179.96201133728027,36,0.65,1,,210.68992248062017,180.0,137.0,523.0,27179.0,85.52145184557611,0.13762631350797275,0.5960744985389339
ID109305,109305,0,8.961651802062988,13.443161453014323,0.752817041368802,0.0,19.995779037475586,4,0.65,1,,223.30232558139534,184.0,146.0,606.0,28806.0,101.26694338565974,0.14995770097134872,0.5750987819625288
ID109371,109371,0,8.137365341186523,13.550706744638438,0.6452717497446875,0.0,54.98839235305786,11,0.65,1,,219.015503875969,189.0,135.0,562.0,28253.0,89.75591767539306,0.16287999968473554,0.6835568219056384
ID109436,109436,0,7.1571364402771,13.443161453014323,0.6452717497446875,0.0,89.98100566864014,18,0.65,1,,208.84496124031008,176.0,141.0,554.0,26941.0,85.45662730411141,0.14418332883313606,0.6159247856812978
ID109500,109500,0,7.4731221199035645,13.335616161390208,0.752817041368802,0.0,134.9715085029602,27,0.65,1,,205.04651162790697,177.0,139.0,520.0,26451.0,80.95811614512434,0.1442405064601838,0.6385455870224456
ID109567,109567,0,8.45065689086914,13.12052557814198,0.9679076246170313,0.0,174.96306657791138,35,0.65,1,,214.09302325581396,180.0,139.0,568.0,27618.0,92.11960990511069,0.1463581677112022,0.5934403260850919
ID109251,109251,1,5.891178607940674,11.077165037283802,3.011268165475208,0.0,0.0,0,0.65,1,,205.90697674418604,183.0,148.0,412.0,26562.0,59.252695331687384,0.09283022039093804,0.5903772753875876
ID109298,109298,1,6.090421199798584,11.077165037283802,3.011268165475208,0.0,14.99683427810669,3,0.65,1,,206.02325581395348,183.0,151.0,435.0,26577.0,60.19998768639293,0.10076001052848467,0.6265350907812397
ID109316,109316,1,6.2362961769104,10.969619745659687,3.011268165475208,0.0,24.994723796844482,5,0.65,1,,208.9922480620155,188.0,152.0,432.0,26960.0,57.871962140037944,0.11385048379946595,0.7382440384059684
ID109268,109268,1,5.648425579071045,11.077165037283802,3.011268165475208,0.0,34.992613315582275,7,0.65,1,,200.51937984496124,180.0,137.0,398.0,25867.0,54.547728638435565,0.09681596634263052,0.648967424996574
ID109289,109289,1,5.852596282958984,11.077165037283802,3.011268165475208,0.0,4.9989447593688965,1,0.65,1,,202.54263565891472,176.0,149.0,430.0,26128.0,62.420450343809854,0.08826953993849541,0.5263734123220261
ID109307,109307,1,6.377468585968018,11.077165037283802,3.011268165475208,0.0,19.995779037475586,4,0.65,1,,208.1860465116279,188.0,142.0,443.0,26856.0,63.98751922272865,0.10378153864618571,0.6118195070636347
ID109325,109325,1,5.754052639007568,10.969619745659687,2.903722873851094,0.0,39.99155807495117,8,0.65,1,,200.67441860465115,179.0,145.0,406.0,25887.0,56.05761026483962,0.10480573728708809,0.6791826229300439
ID109260,109260,1,5.608856678009033,11.077165037283802,3.011268165475208,0.0,9.997889518737793,2,0.65,1,,201.13178294573643,181.0,145.0,405.0,25946.0,55.730150592632704,0.08870487065535353,0.5881089431569881
ID109279,109279,1,6.084474563598633,10.969619745659687,3.011268165475208,0.0,29.99366855621338,6,0.65,1,,202.2325581395349,180.0,147.0,403.0,26088.0,57.523162675447935,0.10149854787433125,0.6479093020731211
ID109568,109568,2,19.986391067504883,18.71288074259594,1.505634082737604,0.0,174.96306657791138,35,0.65,1,,295.6511627906977,236.0,142.0,814.0,38139.0,154.33337754490634,0.30815375285434987,0.9025232446721325
ID109315,109315,2,20.561559677124023,18.820426034220052,1.6131793743617187,0.0,24.994723796844482,5,0.65,1,,303.5348837209302,231.0,135.0,830.0,39156.0,163.54209351645278,0.30012691170609146,0.8568962528970391
ID109250,109250,2,20.78767204284668,18.820426034220052,1.6131793743617187,0.0,0.0,0,0.65,1,,303.84496124031006,238.0,140.0,867.0,39196.0,165.83111936603999,0.3066828836527301,0.860073047080542
ID109508,109508,2,21.837860107421875,18.71288074259594,1.505634082737604,0.0,139.9704532623291,28,0.65,1,,309.1007751937984,238.0,138.0,817.0,39874.0,163.52994971111372,0.3296490438445762,0.9372330211167647
ID109382,109382,2,19.779830932617188,18.71288074259594,1.505634082737604,0.0,69.98522663116455,14,0.65,1,,302.38759689922483,250.0,155.0,749.0,39008.0,142.55757115972915,0.31318941679317386,1.0117736994335729
ID109446,109446,2,20.241653442382812,18.71288074259594,1.505634082737604,0.0,94.97995042800903,19,0.65,1,,297.51937984496124,240.0,134.0,772.0,38380.0,151.53841822987462,0.311401041605137,0.9324102576767341
ID109259,109259,2,17.17130470275879,18.820426034220052,1.505634082737604,0.0,9.997889518737793,2,0.65,1,,286.13953488372096,238.0,159.0,638.0,36912.0,120.69309892411819,0.27543647607872895,1.0239719130259477
ID109324,109324,2,22.434717178344727,18.820426034220052,1.505634082737604,0.0,39.99155807495117,8,0.65,1,,318.5736434108527,239.0,147.0,919.0,41096.0,179.69930505542612,0.3166248329306172,0.8526609467621802
ID109516,109516,2,19.785158157348633,18.71288074259594,1.505634082737604,0.0,144.969398021698,29,0.65,1,,295.73643410852713,240.0,152.0,718.0,38150.0,139.9137300814687,0.31045048265558345,1.0014890770534775
ID109391,109391,2,19.690120697021484,18.71288074259594,1.505634082737604,0.0,74.98417139053345,15,0.65,1,,296.6589147286822,240.0,142.0,713.0,38269.0,140.68084980528795,0.3145547592134165,1.009183159700957
ID109455,109455,2,21.268070220947266,18.71288074259594,1.505634082737604,0.0,109.97678470611572,22,0.65,1,,305.5813953488372,241.0,144.0,866.0,39420.0,165.8471951863003,0.32524644311975714,0.9044085986675795
ID109267,109267,2,19.190317153930664,18.820426034220052,1.505634082737604,0.0,34.992613315582275,7,0.65,1,,300.30232558139534,236.0,159.0,717.0,38739.0,140.2084165543368,0.2898989501828333,0.9627323377759803
ID109523,109523,2,19.30811309814453,18.71288074259594,1.505634082737604,0.0,149.9683427810669,30,0.65,1,,291.2480620155039,238.0,137.0,670.0,37571.0,132.77583499830126,0.30774303384120594,1.0323805508497241
ID109335,109335,2,23.007226943969727,18.820426034220052,1.505634082737604,0.0,44.99050283432007,9,0.65,1,,321.8759689922481,245.0,143.0,948.0,41522.0,185.5466588789031,0.3267752639758323,0.8545101370465541
ID109465,109465,2,22.902084350585938,18.71288074259594,1.505634082737604,0.0,114.97572946548462,23,0.65,1,,315.6666666666667,248.0,149.0,898.0,40721.0,176.95185315032256,0.3424293434925135,0.9100874831181338
ID109400,109400,2,21.485918045043945,18.71288074259594,1.505634082737604,0.0,84.98206090927124,17,0.65,1,,305.8217054263566,241.0,139.0,871.0,39451.0,168.07208505636441,0.3254679860486798,0.8935970934886971
ID109530,109530,2,18.52048110961914,18.71288074259594,1.505634082737604,0.0,154.9672875404358,31,0.65,1,,288.8139534883721,242.0,148.0,656.0,37257.0,129.7670248610142,0.29317848201191693,1.0091539902023543
ID109278,109278,2,19.293785095214844,18.820426034220052,1.505634082737604,0.0,29.99366855621338,6,0.65,1,,298.93798449612405,242.0,151.0,687.0,38563.0,135.0911007395787,0.29707051662177963,1.013632020151788
ID109473,109473,2,22.399959564208984,18.71288074259594,1.505634082737604,0.0,124.97361898422241,25,0.65,1,,311.15503875968994,249.0,145.0,905.0,40139.0,177.35656394730304,0.3323854128420038,0.8753296795811405
ID109537,109537,2,17.314863204956055,18.71288074259594,1.505634082737604,0.0,159.9662322998047,32,0.65,1,,280.86821705426354,241.0,148.0,627.0,36232.0,120.3861222694606,0.2824686239222688,1.027731417048668
ID109344,109344,2,21.352941513061523,18.820426034220052,1.505634082737604,0.0,49.989447593688965,10,0.65,1,,310.7751937984496,244.0,150.0,808.0,40090.0,160.9985559091912,0.3170705921157539,0.9293970118686683
ID109410,109410,2,20.987428665161133,18.820426034220052,1.505634082737604,0.0,79.98311614990234,16,0.65,1,,305.7519379844961,244.0,136.0,888.0,39442.0,167.3423246208087,0.31573389763953474,0.8768929200615203
ID109353,109353,2,19.943374633789062,18.820426034220052,1.505634082737604,0.0,59.98733711242676,12,0.65,1,,299.031007751938,247.0,149.0,742.0,38575.0,144.08422764483194,0.3059968596719241,0.9725335987378293
ID109545,109545,2,19.71215057373047,18.71288074259594,1.505634082737604,0.0,164.96517705917358,33,0.65,1,,296.48062015503876,242.0,150.0,732.0,38246.0,142.05473751203232,0.30736321934088984,0.9813551769656707
ID109288,109288,2,18.31391716003418,18.820426034220052,1.505634082737604,0.0,4.9989447593688965,1,0.65,1,,293.4418604651163,242.0,158.0,693.0,37854.0,131.74353085260628,0.283513741310611,0.9840028467608201
ID109483,109483,2,22.958799362182617,18.71288074259594,1.505634082737604,0.0,119.97467422485352,24,0.65,1,,314.91472868217056,246.0,140.0,916.0,40624.0,179.9746523388672,0.3416346624392643,0.8911263454595371
ID109420,109420,2,21.983455657958984,18.71288074259594,1.505634082737604,0.0,104.97783994674683,21,0.65,1,,308.52713178294573,244.0,145.0,902.0,39800.0,174.33933674372034,0.3303600670087274,0.8789138602022328
ID109297,109297,2,19.553369522094727,18.820426034220052,1.505634082737604,0.0,14.99683427810669,3,0.65,1,,302.47286821705427,241.0,162.0,703.0,39019.0,137.8903027273503,0.30077407754979163,1.0144279934409512
ID109552,109552,2,19.461620330810547,18.820426034220052,1.505634082737604,0.0,169.96412181854248,34,0.65,1,,291.0,236.0,144.0,737.0,37539.0,143.38589758061983,0.30448156228763545,0.9474135669755859
ID109363,109363,2,21.079303741455078,18.820426034220052,1.505634082737604,0.0,64.98628187179565,13,0.65,1,,307.8062015503876,244.0,154.0,801.0,39707.0,157.40170928627273,0.31885025704618913,0.9455602354633922
ID109429,109429,2,20.341552734375,18.71288074259594,1.505634082737604,0.0,99.97889518737793,20,0.65,1,,299.8062015503876,231.0,144.0,833.0,38675.0,159.6287723477203,0.31280222762364546,0.8950142836806827
ID109492,109492,2,22.753108978271484,18.71288074259594,1.505634082737604,0.0,129.9725637435913,26,0.65,1,,315.5503875968992,244.0,142.0,868.0,40706.0,171.69613243861914,0.34260087770410774,0.9379501249456923
ID109559,109559,2,23.210163116455078,18.820426034220052,1.505634082737604,0.0,179.96201133728027,36,0.65,1,,315.6511627906977,246.0,142.0,959.0,40719.0,185.8338324940284,0.3381696898264898,0.858491690923377
ID109306,109306,2,20.889636993408203,18.820426034220052,1.505634082737604,0.0,19.995779037475586,4,0.65,1,,308.92248062015506,231.0,150.0,833.0,39851.0,163.60860366679512,0.30252137474118934,0.8770908440241961
ID109437,109437,2,21.535869598388672,18.71288074259594,1.505634082737604,0.0,89.98100566864014,18,0.65,1,,306.52713178294573,238.0,140.0,826.0,39542.0,162.12081131440314,0.32580328123068153,0.9292584373438889
ID109501,109501,2,24.12156105041504,18.71288074259594,1.505634082737604,0.0,134.9715085029602,27,0.65,1,,324.1085271317829,234.0,145.0,985.0,41810.0,196.28300838290858,0.3493770147393157,0.8550642887751073
ID109372,109372,2,20.819772720336914,18.820426034220052,1.505634082737604,0.0,54.98839235305786,11,0.65,1,,307.51937984496124,240.0,145.0,814.0,39670.0,158.2605200282509,0.31129935377105206,0.9225847452101449
ID109440,109440,3,6.180864334106445,19.788333658837082,4.409356956588698,0.0,89.98100566864014,18,0.65,1,,193.27131782945736,192.0,144.0,265.0,24932.0,27.94770561300172,0.16441549259560764,1.9529269852607798
ID109253,109253,3,7.835397720336914,19.68078836721297,4.624447539836927,0.0,0.0,0,0.65,1,,208.91472868217053,205.0,140.0,294.0,26950.0,38.28185581311497,0.18657675965550022,1.7161995351267096
ID109318,109318,3,7.368951797485352,19.788333658837082,4.516902248212812,0.0,24.994723796844482,5,0.65,1,,201.90697674418604,195.0,144.0,281.0,26046.0,34.78380591697474,0.1874370939868126,1.8325218142980202
ID109510,109510,3,6.306969165802002,19.68078836721297,4.516902248212812,0.0,139.9704532623291,28,0.65,1,,193.24031007751938,191.0,145.0,244.0,24928.0,26.77737360913316,0.17146158671960054,2.1125088129554266
ID109449,109449,3,6.354066848754883,19.68078836721297,4.409356956588698,0.0,94.97995042800903,19,0.65,1,,194.29457364341084,188.0,140.0,258.0,25064.0,29.21349300322733,0.16800940151946772,1.913350021752724
ID109384,109384,3,6.33060359954834,19.68078836721297,4.409356956588698,0.0,69.98522663116455,14,0.65,1,,195.02325581395348,189.0,134.0,273.0,25158.0,29.28082380060132,0.1651065455619041,1.8876946970603463
ID109327,109327,3,7.842884063720703,19.788333658837082,4.516902248212812,0.0,39.99155807495117,8,0.65,1,,203.96124031007753,202.0,142.0,287.0,26311.0,35.99075469408237,0.2018456522803447,1.903519757582838
ID109262,109262,3,7.1479105949401855,19.68078836721297,4.516902248212812,0.0,9.997889518737793,2,0.65,1,,206.89147286821705,202.0,138.0,284.0,26689.0,31.313495570519766,0.18160673352583134,2.030953713201301
ID109393,109393,3,5.652840614318848,19.68078836721297,4.516902248212812,0.0,74.98417139053345,15,0.65,1,,188.6046511627907,187.0,140.0,246.0,24330.0,24.495987746928567,0.1536076721553347,2.050417076756594
ID109458,109458,3,6.803047180175781,19.68078836721297,4.409356956588698,0.0,109.97678470611572,22,0.65,1,,198.86046511627907,196.0,135.0,268.0,25653.0,29.69157713741351,0.17790761936286198,2.0231519269336684
ID109270,109270,3,6.322100639343262,19.68078836721297,4.409356956588698,0.0,34.992613315582275,7,0.65,1,,194.50387596899225,189.0,139.0,267.0,25091.0,30.166756338467955,0.1610286054580017,1.7885033262690748
ID109337,109337,3,7.8191142082214355,19.788333658837082,4.409356956588698,0.0,44.99050283432007,9,0.65,1,,204.24031007751938,198.0,139.0,294.0,26347.0,37.51786557632377,0.19513728011851877,1.7776890099433298
ID109403,109403,3,6.949038028717041,19.68078836721297,4.409356956588698,0.0,84.98206090927124,17,0.65,1,,198.19379844961242,192.0,138.0,278.0,25567.0,33.05206062018388,0.17680135425548793,1.8017890529474831
ID109467,109467,3,6.89515495300293,19.68078836721297,4.409356956588698,0.0,114.97572946548462,23,0.65,1,,197.13178294573643,194.0,139.0,266.0,25430.0,32.18971590551118,0.17709726864161845,1.8427610026948573
ID109281,109281,3,6.138626575469971,19.68078836721297,4.516902248212812,0.0,29.99366855621338,6,0.65,1,,193.51937984496124,191.0,136.0,274.0,24964.0,28.054105307644427,0.16912021140275532,1.9956959716725757
ID109346,109346,3,6.595792293548584,19.788333658837082,4.516902248212812,0.0,49.989447593688965,10,0.65,1,,193.90697674418604,189.0,143.0,264.0,25014.0,30.013133026556353,0.17620787718258288,1.935768120391871
ID109413,109413,3,6.174193382263184,19.68078836721297,4.409356956588698,0.0,79.98311614990234,16,0.65,1,,191.43410852713177,190.0,132.0,265.0,24695.0,31.38467105960137,0.15841210565676736,1.6682341761087205
ID109476,109476,3,6.829273223876953,19.68078836721297,4.409356956588698,0.0,124.97361898422241,25,0.65,1,,195.85271317829458,190.0,135.0,281.0,25265.0,32.69654530087854,0.17614584315426535,1.7941921035151152
ID109291,109291,3,6.8397216796875,19.68078836721297,4.624447539836927,0.0,4.9989447593688965,1,0.65,1,,207.93023255813952,206.0,149.0,287.0,26823.0,30.432349678865485,0.17154529427364568,2.000929903808085
ID109356,109356,3,6.635136127471924,19.788333658837082,4.409356956588698,0.0,59.98733711242676,12,0.65,1,,197.68992248062017,192.0,151.0,268.0,25502.0,29.538586641462615,0.17589352253416826,2.0021963426367306
ID109423,109423,3,6.764729976654053,19.68078836721297,4.409356956588698,0.0,104.97783994674683,21,0.65,1,,197.10852713178295,195.0,138.0,265.0,25427.0,30.757682046034635,0.1771990449231267,1.9292711987103928
ID109486,109486,3,7.4400811195373535,19.68078836721297,4.409356956588698,0.0,119.97467422485352,24,0.65,1,,200.86821705426357,196.0,140.0,268.0,25912.0,34.25031474421103,0.18735990766222105,1.8508487789938004
ID109300,109300,3,6.240777969360352,19.68078836721297,4.516902248212812,0.0,14.99683427810669,3,0.65,1,,194.6124031007752,190.0,143.0,265.0,25105.0,27.91149798848568,0.166214198402248,1.9875001066341724
ID109366,109366,3,5.859691619873047,19.68078836721297,4.516902248212812,0.0,64.98628187179565,13,0.65,1,,190.48062015503876,187.0,138.0,251.0,24572.0,26.389244013658345,0.15846401582891628,1.9747037572203185
ID109494,109494,3,6.407348155975342,19.68078836721297,4.409356956588698,0.0,129.9725637435913,26,0.65,1,,195.8217054263566,191.0,142.0,249.0,25261.0,27.48847758959739,0.16732435771502424,2.0422445952155392
ID109432,109432,3,6.393424987792969,19.68078836721297,4.409356956588698,0.0,99.97889518737793,20,0.65,1,,195.06976744186048,190.0,140.0,256.0,25164.0,29.647192649165685,0.1643623791271218,1.8575933198139885
ID109309,109309,3,7.873659133911133,19.788333658837082,4.516902248212812,0.0,19.995779037475586,4,0.65,1,,207.4031007751938,203.0,149.0,296.0,26755.0,35.71535020561995,0.19758629911598385,1.9161977930853376
ID109375,109375,3,6.13057279586792,19.788333658837082,4.516902248212812,0.0,54.98839235305786,11,0.65,1,,190.984496124031,187.0,140.0,256.0,24637.0,27.27721820039459,0.16807077287953373,2.0148887452542055
ID109503,109503,3,6.955053806304932,19.68078836721297,4.409356956588698,0.0,134.9715085029602,27,0.65,1,,197.65891472868216,193.0,134.0,272.0,25498.0,32.54744040532196,0.17590123470115343,1.8168856850813988
ID109569,109569,4,7.314457893371582,13.443161453014323,4.086721081716354,0.0,174.96306657791138,35,0.65,1,,229.26356589147287,213.0,151.0,355.0,29575.0,55.20791940754586,0.12279365422979657,0.908321580545255
ID109317,109317,4,6.947978496551514,13.550706744638438,3.9791757900922393,0.0,24.994723796844482,5,0.65,1,,226.53488372093022,207.0,154.0,415.0,29223.0,57.496065967544126,0.11235677626286074,0.7959432763803104
ID109509,109509,4,6.126305103302002,13.443161453014323,4.086721081716354,0.0,139.9704532623291,28,0.65,1,,221.65116279069767,203.0,155.0,357.0,28593.0,47.97698848842645,0.09795636123658179,0.8243555964428898
ID109252,109252,4,7.146450519561768,13.443161453014323,3.9791757900922393,0.0,0.0,0,0.65,1,,233.11627906976744,214.0,159.0,407.0,30072.0,56.000924644567355,0.11241815558761514,0.8413482343159523
ID109383,109383,4,7.4616804122924805,13.550706744638438,3.9791757900922393,0.0,69.98522663116455,14,0.65,1,,227.11627906976744,202.0,158.0,423.0,29298.0,62.545936606997195,0.11938807052114118,0.7745677646210225
ID109448,109448,4,6.80698299407959,13.335616161390208,3.9791757900922393,0.0,94.97995042800903,19,0.65,1,,227.09302325581396,209.0,170.0,371.0,29295.0,50.06159360297839,0.11389832102499614,0.9276857600547915
ID109261,109261,4,7.6284871101379395,13.550706744638438,3.871630498468125,0.0,9.997889518737793,2,0.65,1,,235.65891472868216,214.0,163.0,409.0,30400.0,57.82131637154231,0.13081571252524524,0.942961520980597
ID109517,109517,4,7.65499210357666,13.550706744638438,4.086721081716354,0.0,144.969398021698,29,0.65,1,,231.10077519379846,210.0,158.0,384.0,29812.0,56.89942400867851,0.1288007472898056,0.9268823715701395
ID109326,109326,4,6.552549839019775,13.550706744638438,4.086721081716354,0.0,39.99155807495117,8,0.65,1,,224.51937984496124,208.0,152.0,398.0,28963.0,55.278004889941556,0.10356851042863814,0.7623596465610014
ID109457,109457,4,6.615514278411865,13.443161453014323,3.9791757900922393,0.0,109.97678470611572,22,0.65,1,,224.90697674418604,204.0,158.0,392.0,29013.0,51.92865325684624,0.10822813743836061,0.8459347698207302
ID109392,109392,4,7.245537757873535,13.550706744638438,3.9791757900922393,0.0,74.98417139053345,15,0.65,1,,226.50387596899225,204.0,156.0,410.0,29219.0,60.576800947099336,0.11526059340035316,0.7728652722535049
ID109269,109269,4,6.97932767868042,13.550706744638438,3.9791757900922393,0.0,34.992613315582275,7,0.65,1,,229.63565891472868,211.0,156.0,415.0,29623.0,58.388641070055336,0.11141436452621556,0.7885080623581978
ID109524,109524,4,7.3699445724487305,13.443161453014323,4.086721081716354,0.0,149.9683427810669,30,0.65,1,,225.43410852713177,203.0,145.0,411.0,29081.0,61.504045212647426,0.11308509605175637,0.7447713202325145
ID109336,109336,4,6.530115604400635,13.550706744638438,4.086721081716354,0.0,44.99050283432007,9,0.65,1,,225.46511627906978,210.0,163.0,394.0,29085.0,53.66971424131292,0.1064986595695081,0.8086737018328868
ID109531,109531,4,6.955748081207275,13.443161453014323,4.086721081716354,0.0,154.9672875404358,31,0.65,1,,224.69767441860466,205.0,156.0,379.0,28986.0,55.44121389070064,0.11000939237964526,0.8033391916404286
ID109402,109402,4,6.481557846069336,13.443161453014323,4.086721081716354,0.0,84.98206090927124,17,0.65,1,,223.27131782945736,206.0,154.0,378.0,28802.0,51.78452229219661,0.11117738320855329,0.862771939286711
ID109466,109466,4,7.008725166320801,13.443161453014323,4.086721081716354,0.0,114.97572946548462,23,0.65,1,,224.9922480620155,206.0,155.0,388.0,29024.0,55.88946906115663,0.1081468414711239,0.7857494647942932
ID109345,109345,4,6.677277088165283,13.550706744638438,3.9791757900922393,0.0,49.989447593688965,10,0.65,1,,225.02325581395348,207.0,162.0,386.0,29028.0,52.699244704662135,0.11141028331648578,0.856059353387228
ID109280,109280,4,7.418704032897949,13.550706744638438,3.9791757900922393,0.0,29.99366855621338,6,0.65,1,,232.66666666666666,216.0,153.0,414.0,30014.0,59.18051481132395,0.12353403270238855,0.864541433194977
ID109475,109475,4,6.6430230140686035,13.443161453014323,4.086721081716354,0.0,124.97361898422241,25,0.65,1,,224.73643410852713,207.0,151.0,401.0,28991.0,53.82299104760044,0.10812205020474958,0.8148212149860851
ID109538,109538,4,7.711758613586426,13.443161453014323,4.086721081716354,0.0,159.9662322998047,32,0.65,1,,230.52713178294573,212.0,149.0,390.0,29738.0,60.579761152057294,0.1226713693442664,0.8316010934127314
ID109412,109412,4,6.767448425292969,13.550706744638438,3.9791757900922393,0.0,79.98311614990234,16,0.65,1,,224.8217054263566,209.0,157.0,373.0,29002.0,52.62966867835858,0.11537271709694566,0.883732244218286
ID109355,109355,4,7.690855503082275,13.550706744638438,3.9791757900922393,0.0,59.98733711242676,12,0.65,1,,231.34108527131784,212.0,162.0,437.0,29843.0,60.63202228969429,0.12869628719120701,0.8701009284545358
ID109290,109290,4,7.1710205078125,13.443161453014323,3.871630498468125,0.0,4.9989447593688965,1,0.65,1,,233.48062015503876,210.0,173.0,416.0,30119.0,57.18133174045882,0.11729769844296976,0.8573282897474322
ID109546,109546,4,7.133805751800537,13.443161453014323,3.9791757900922393,0.0,164.96517705917358,33,0.65,1,,232.1705426356589,214.0,148.0,373.0,29950.0,55.91988186668937,0.12145184455186839,0.8992787937595804
ID109485,109485,4,6.399144172668457,13.443161453014323,3.9791757900922393,0.0,119.97467422485352,24,0.65,1,,224.04651162790697,204.0,157.0,380.0,28902.0,52.33424136994289,0.10088301394800378,0.7846195530847776
ID109422,109422,4,7.172897815704346,13.443161453014323,4.086721081716354,0.0,104.97783994674683,21,0.65,1,,224.97674418604652,200.0,160.0,406.0,29022.0,58.19692661508733,0.11782850016702476,0.8149721059896183
ID109553,109553,4,7.6514058113098145,13.443161453014323,4.086721081716354,0.0,169.96412181854248,34,0.65,1,,231.93023255813952,214.0,150.0,377.0,29919.0,59.378971715387124,0.12260109133224016,0.853146400129852
ID109299,109299,4,7.182505130767822,13.550706744638438,3.9791757900922393,0.0,14.99683427810669,3,0.65,1,,231.09302325581396,212.0,149.0,405.0,29811.0,55.77219875591931,0.1231812956630064,0.9088536774119064
ID109365,109365,4,7.3555216789245605,13.550706744638438,3.9791757900922393,0.0,64.98628187179565,13,0.65,1,,228.65891472868216,205.0,165.0,413.0,29497.0,59.22962414989634,0.11916443637624077,0.822113763098267
ID109493,109493,4,7.288229465484619,13.550706744638438,4.086721081716354,0.0,129.9725637435913,26,0.65,1,,225.5968992248062,204.0,145.0,419.0,29102.0,60.866980911739645,0.1112388208167272,0.7420451529618267
ID109431,109431,4,7.175151348114014,13.443161453014323,4.086721081716354,0.0,99.97889518737793,20,0.65,1,,226.2015503875969,213.0,162.0,351.0,29180.0,50.74836509758239,0.12380625392042825,0.9820976136689702
ID109560,109560,4,6.788356304168701,13.443161453014323,4.086721081716354,0.0,179.96201133728027,36,0.65,1,,227.5581395348837,212.0,159.0,348.0,29355.0,53.11160227776627,0.11675603007612825,0.8958885378047694
ID109308,109308,4,7.309009552001953,13.658252036262551,3.9791757900922393,0.0,19.995779037475586,4,0.65,1,,232.10852713178295,211.0,157.0,416.0,29942.0,58.54288496346043,0.1230879063661129,0.8690576862553755
ID109439,109439,4,6.8169941902160645,13.443161453014323,3.9791757900922393,0.0,89.98100566864014,18,0.65,1,,226.5503875968992,207.0,165.0,376.0,29225.0,50.54112824601213,0.11666318448284692,0.9366158469797815
ID109374,109374,4,6.963468551635742,13.550706744638438,3.9791757900922393,0.0,54.98839235305786,11,0.65,1,,227.2093023255814,210.0,152.0,416.0,29310.0,57.42272993154103,0.11534370297254865,0.818384581326807
ID109502,109502,4,5.935733318328857,13.550706744638438,4.194266373340469,0.0,134.9715085029602,27,0.65,1,,219.28682170542635,199.0,151.0,376.0,28288.0,50.21954826659411,0.09628216730847496,0.7669962397844179
ID109443,109443,5,91.70802307128906,13.765797327886666,8.92625920480151,0.0,89.98100566864014,18,0.65,1,,755.6356589147287,371.0,137.0,4125.0,97477.0,908.8277557689398,0.6683196153056055,0.6661404558427592
ID109571,109571,5,92.15548706054688,13.658252036262551,9.033804496425624,0.0,174.96306657791138,35,0.65,1,,756.062015503876,350.0,136.0,4190.0,97532.0,900.4457728669901,0.6716151543414253,0.6747051716671644
ID109378,109378,5,92.96388244628906,13.765797327886666,8.92625920480151,0.0,54.98839235305786,11,0.65,1,,770.9457364341085,360.0,135.0,4362.0,99452.0,911.3613555939055,0.6664851879763968,0.6766315457991215
ID109506,109506,5,93.78897094726562,13.765797327886666,8.92625920480151,0.0,134.9715085029602,27,0.65,1,,764.3410852713179,357.0,152.0,4305.0,98600.0,938.8673902644281,0.6751936830861655,0.6562605364455973
ID109255,109255,5,88.14402770996094,13.765797327886666,8.92625920480151,0.0,0.0,0,0.65,1,,741.6511627906976,367.0,150.0,3944.0,95673.0,841.235119214253,0.659832400200824,0.7009413521518173
ID109513,109513,5,93.11705017089844,13.658252036262551,8.92625920480151,0.0,139.9704532623291,28,0.65,1,,763.0852713178294,353.0,146.0,4399.0,98438.0,918.7084857203051,0.6737691019836295,0.6687147205976086
ID109320,109320,5,84.52458190917969,13.765797327886666,8.92625920480151,0.0,24.994723796844482,5,0.65,1,,724.8604651162791,381.0,135.0,3546.0,93507.0,777.6132628935202,0.653734929983402,0.7369814228908541
ID109387,109387,5,95.54386901855469,13.873342619510781,9.033804496425624,0.0,69.98522663116455,14,0.65,1,,775.2558139534884,368.0,124.0,4514.0,100008.0,958.7796220902202,0.6772647267395652,0.6529998418699695
ID109452,109452,5,93.01065063476562,13.765797327886666,8.92625920480151,0.0,94.97995042800903,19,0.65,1,,763.077519379845,353.0,136.0,4410.0,98437.0,923.7012640425468,0.6701468017423131,0.6629525111737076
ID109264,109264,5,80.7715072631836,13.765797327886666,8.92625920480151,0.0,9.997889518737793,2,0.65,1,,700.4883720930233,378.0,160.0,3317.0,90363.0,729.7492411382558,0.6464068399138992,0.7537477968094402
ID109520,109520,5,91.685546875,13.658252036262551,8.92625920480151,0.0,144.969398021698,29,0.65,1,,753.8217054263566,349.0,132.0,4251.0,97243.0,902.0289062165324,0.6715240707809694,0.6714707953972033
ID109330,109330,5,89.75679016113281,13.873342619510781,8.92625920480151,0.0,39.99155807495117,8,0.65,1,,745.6976744186046,374.0,116.0,4204.0,96195.0,896.7389409397109,0.654029928535372,0.657629086533073
ID109461,109461,5,93.32022094726562,13.765797327886666,8.92625920480151,0.0,109.97678470611572,22,0.65,1,,764.3798449612403,362.0,128.0,4532.0,98605.0,937.5145098360348,0.6750951968108588,0.6571836491054663
ID109396,109396,5,93.38658142089844,13.765797327886666,9.033804496425624,0.0,74.98417139053345,15,0.65,1,,768.1317829457364,358.0,131.0,4479.0,99089.0,929.468181104161,0.6752488471426071,0.6662170262686956
ID109527,109527,5,88.51578521728516,13.658252036262551,8.92625920480151,0.0,149.9683427810669,30,0.65,1,,734.7906976744187,361.0,129.0,4101.0,94788.0,870.9749357259315,0.6659795491444219,0.6744957461653505
ID109273,109273,5,87.12853240966797,13.873342619510781,8.92625920480151,0.0,34.992613315582275,7,0.65,1,,734.9302325581396,355.0,130.0,4129.0,94806.0,847.8206361206225,0.6565989644959895,0.687155352272414
ID109340,109340,5,91.03492736816406,13.765797327886666,8.92625920480151,0.0,44.99050283432007,9,0.65,1,,760.7519379844962,373.0,140.0,4241.0,98137.0,897.6518067210114,0.6601159230639918,0.6739799038783205
ID109406,109406,5,91.24114990234375,13.765797327886666,8.92625920480151,0.0,84.98206090927124,17,0.65,1,,756.5891472868217,349.0,155.0,4140.0,97600.0,918.7028271257244,0.6680030502362196,0.6596243136105816
ID109470,109470,5,93.90023803710938,13.765797327886666,8.92625920480151,0.0,114.97572946548462,23,0.65,1,,768.7364341085271,369.0,118.0,4569.0,99167.0,944.7394194249068,0.677407466756448,0.6572140378714921
ID109534,109534,5,89.2346420288086,13.658252036262551,8.92625920480151,0.0,154.9672875404358,31,0.65,1,,744.3255813953489,358.0,139.0,4234.0,96018.0,881.5693584702254,0.6695713362037123,0.6772177429335492
ID109349,109349,5,89.2311782836914,13.765797327886666,8.92625920480151,0.0,49.989447593688965,10,0.65,1,,753.3333333333334,384.0,137.0,4184.0,97180.0,870.8494625699284,0.6586621746518021,0.6870350200923976
ID109541,109541,5,89.35372161865234,13.765797327886666,8.92625920480151,0.0,159.9662322998047,32,0.65,1,,742.5038759689922,367.0,140.0,4279.0,95783.0,879.2385655002768,0.6657383351015087,0.6750233199856991
ID109284,109284,5,83.7176742553711,13.765797327886666,8.92625920480151,0.0,29.99366855621338,6,0.65,1,,721.8449612403101,390.0,144.0,3631.0,93118.0,758.7193512097828,0.6503090278642738,0.7498031691153898
ID109416,109416,5,93.11576080322266,13.765797327886666,9.033804496425624,0.0,79.98311614990234,16,0.65,1,,764.4186046511628,360.0,136.0,4397.0,98610.0,926.0055488635923,0.6739675449301313,0.6647213147730627
ID109480,109480,5,91.7070541381836,13.765797327886666,9.033804496425624,0.0,124.97361898422241,25,0.65,1,,748.6511627906976,355.0,124.0,4288.0,96576.0,919.7533437283165,0.6675333689088347,0.651683268134341
ID109293,109293,5,83.00824737548828,13.765797327886666,8.92625920480151,0.0,4.9989447593688965,1,0.65,1,,711.8139534883721,357.0,159.0,3573.0,91824.0,784.1720630647837,0.6489201955761328,0.7144581257267476
ID109549,109549,5,92.63076782226562,13.658252036262551,8.818713913177396,0.0,164.96517705917358,33,0.65,1,,771.7829457364342,362.0,157.0,4167.0,99560.0,892.7363216646783,0.6772586259924915,0.6981624382111105
ID109359,109359,5,92.06968688964844,13.873342619510781,8.92625920480151,0.0,59.98733711242676,12,0.65,1,,762.4651162790698,370.0,127.0,4368.0,98358.0,908.573667955298,0.6653759787221568,0.6705708189745503
ID109489,109489,5,91.25911712646484,13.765797327886666,8.92625920480151,0.0,119.97467422485352,24,0.65,1,,752.062015503876,353.0,141.0,4246.0,97016.0,912.1519606123921,0.6702552703701067,0.6617193596156118
ID109555,109555,5,87.35693359375,13.765797327886666,9.033804496425624,0.0,169.96412181854248,34,0.65,1,,724.9147286821706,358.0,118.0,3940.0,93514.0,838.1207776833218,0.6629328010121769,0.6896124924465121
ID109426,109426,5,94.07649993896484,13.765797327886666,8.92625920480151,0.0,104.97783994674683,21,0.65,1,,766.4651162790698,354.0,135.0,4395.0,98874.0,933.691824212756,0.675728683633901,0.6620449609956588
ID109302,109302,5,80.40544128417969,13.765797327886666,8.818713913177396,0.0,14.99683427810669,3,0.65,1,,703.3023255813954,376.0,161.0,3266.0,90726.0,705.4409259978289,0.6408353128902415,0.7787406384081093
ID109369,109369,5,92.92080688476562,13.873342619510781,8.92625920480151,0.0,64.98628187179565,13,0.65,1,,775.2093023255813,363.0,132.0,4552.0,100002.0,933.5354729670378,0.6695436635657956,0.6660383997644849
ID109497,109497,5,91.05656433105469,13.765797327886666,8.92625920480151,0.0,129.9725637435913,26,0.65,1,,748.2403100775193,362.0,135.0,4242.0,96523.0,898.6417943832811,0.6683105919443394,0.6670922896665265
ID109435,109435,5,93.70598602294922,13.765797327886666,8.92625920480151,0.0,99.97889518737793,20,0.65,1,,767.6046511627907,352.0,136.0,4271.0,99021.0,934.8565683652749,0.6724510401751873,0.6602826205298984
ID109564,109564,5,91.14911651611328,13.765797327886666,9.033804496425624,0.0,179.96201133728027,36,0.65,1,,742.7286821705426,354.0,137.0,4320.0,95812.0,905.6165695944566,0.6681061877799465,0.6569580398603867
ID109311,109311,5,84.17420959472656,13.873342619510781,8.92625920480151,0.0,19.995779037475586,4,0.65,1,,715.9922480620155,375.0,138.0,3785.0,92363.0,791.0928802940512,0.6466131384255279,0.7108267916789276
ID109441,109441,6,22.674406051635742,9.571530954546198,5.699900456078073,0.0,89.98100566864014,18,0.65,1,,310.74418604651163,227.0,153.0,1079.0,40086.0,202.77347579371693,0.3338729947051149,0.7671648118635934
ID109376,109376,6,22.911535263061523,9.786621537794426,5.484809872829843,0.0,54.98839235305786,11,0.65,1,,322.07751937984494,243.0,156.0,1062.0,41548.0,200.93611439658739,0.331241575376657,0.797664708112528
ID109504,109504,6,11.037646293640137,9.35644037129797,5.699900456078073,0.0,134.9715085029602,27,0.65,1,,236.57364341085272,224.0,147.0,396.0,30518.0,60.52501745066333,0.2315855323393263,1.4699693408452268
ID109570,109570,6,19.847274780273438,9.571530954546198,5.377264581205729,0.0,174.96306657791138,35,0.65,1,,298.2248062015504,239.0,142.0,923.0,38471.0,165.7462876804333,0.3192797154497164,0.8708921849603681
ID109319,109319,6,16.56016731262207,9.786621537794426,5.484809872829843,0.0,24.994723796844482,5,0.65,1,,295.06201550387595,256.0,170.0,618.0,38063.0,103.65701796806142,0.28479989873631356,1.2619696964867488
ID109511,109511,6,21.41050148010254,9.571530954546198,5.484809872829843,0.0,139.9704532623291,28,0.65,1,,308.47286821705427,234.0,156.0,980.0,39793.0,179.16992098630928,0.3327350552548404,0.8596795624677073
ID109254,109254,6,22.212697982788086,9.679076246170313,5.592355164453958,0.0,0.0,0,0.65,1,,322.1162790697674,243.0,178.0,984.0,41553.0,185.55375854734527,0.3248511602485836,0.8513149211406613
ID109385,109385,6,22.05699348449707,9.786621537794426,5.377264581205729,0.0,69.98522663116455,14,0.65,1,,313.73643410852713,234.0,145.0,1081.0,40472.0,199.57503755557727,0.32277378197127515,0.7671872994932493
ID109450,109450,6,21.056297302246094,9.463985662922083,5.484809872829843,0.0,94.97995042800903,19,0.65,1,,297.07751937984494,220.0,146.0,968.0,38323.0,180.3447052003425,0.3268206442232634,0.8115095776583952
ID109263,109263,6,23.08181381225586,9.894166829418541,5.592355164453958,0.0,9.997889518737793,2,0.65,1,,335.72093023255815,257.0,174.0,1023.0,43308.0,191.87772704675209,0.33201455466373164,0.8722319690528124
ID109518,109518,6,20.5655460357666,9.571530954546198,5.377264581205729,0.0,144.969398021698,29,0.65,1,,304.50387596899225,244.0,148.0,902.0,39281.0,167.16824066785085,0.3282499535056723,0.9003138118084925
ID109328,109328,6,21.454694747924805,9.786621537794426,5.592355164453958,0.0,39.99155807495117,8,0.65,1,,314.6511627906977,250.0,155.0,911.0,40590.0,167.7740133316796,0.3321504286109319,0.9352251807283094
ID109459,109459,6,12.231796264648438,9.571530954546198,5.592355164453958,0.0,109.97678470611572,22,0.65,1,,246.8294573643411,221.0,156.0,473.0,31841.0,77.07414490595725,0.2334184220781211,1.2121126038402952
ID109394,109394,6,18.348072052001953,9.894166829418541,5.377264581205729,0.0,74.98417139053345,15,0.65,1,,293.8139534883721,232.0,150.0,874.0,37902.0,162.73241876245518,0.2784420952914074,0.7864700053475602
ID109525,109525,6,24.99675178527832,9.463985662922083,5.807445747702188,0.0,149.9683427810669,30,0.65,1,,327.14728682170545,239.0,134.0,1134.0,42202.0,221.59489716510262,0.36531978311587,0.7900459866261826
ID109271,109271,6,21.442583084106445,9.894166829418541,5.592355164453958,0.0,34.992613315582275,7,0.65,1,,321.07751937984494,248.0,173.0,928.0,41419.0,174.06161859754852,0.3230504929216765,0.9008051616982736
ID109338,109338,6,21.396446228027344,9.894166829418541,5.377264581205729,0.0,44.99050283432007,9,0.65,1,,314.031007751938,241.0,145.0,955.0,40510.0,175.45209183993148,0.3210770399446062,0.870011681555368
ID109404,109404,6,14.297152519226074,9.463985662922083,5.484809872829843,0.0,84.98206090927124,17,0.65,1,,258.5968992248062,224.0,149.0,569.0,33359.0,95.96251867427239,0.2633623934921091,1.1235114065435052
ID109468,109468,6,10.853019714355469,9.248895079673854,5.699900456078073,0.0,114.97572946548462,23,0.65,1,,228.3798449612403,216.0,129.0,418.0,29461.0,70.22087850561809,0.2216663908617229,1.1802356670906866
ID109532,109532,6,20.439815521240234,9.679076246170313,5.592355164453958,0.0,154.9672875404358,31,0.65,1,,308.2480620155039,242.0,160.0,911.0,39764.0,165.92623695334058,0.3237896317519738,0.9087810220718525
ID109347,109347,6,20.703346252441406,9.786621537794426,5.377264581205729,0.0,49.989447593688965,10,0.65,1,,311.4573643410853,247.0,142.0,984.0,40178.0,176.93907884106335,0.32018859552438467,0.853836507919514
ID109539,109539,6,18.935407638549805,9.679076246170313,5.592355164453958,0.0,159.9662322998047,32,0.65,1,,299.25581395348837,246.0,165.0,795.0,38604.0,140.3325447302411,0.31286098896119297,1.016358355456263
ID109282,109282,6,22.29334831237793,9.786621537794426,5.592355164453958,0.0,29.99366855621338,6,0.65,1,,324.8217054263566,254.0,172.0,1001.0,41902.0,179.7645356436964,0.34437367339842523,0.9257228093538418
ID109477,109477,6,8.460197448730469,9.14134978804974,5.592355164453958,0.0,124.97361898422241,25,0.65,1,,214.13178294573643,213.0,138.0,328.0,27623.0,45.67760321073687,0.19993472492476755,1.5622064591767033
ID109414,109414,6,13.802412986755371,9.248895079673854,5.699900456078073,0.0,79.98311614990234,16,0.65,1,,251.28682170542635,228.0,130.0,570.0,32416.0,98.73854314856369,0.2590388710851934,1.0472220888652857
ID109547,109547,6,22.234365463256836,9.679076246170313,5.699900456078073,0.0,164.96517705917358,33,0.65,1,,318.8139534883721,243.0,143.0,975.0,41127.0,179.23456032885807,0.34122521379046916,0.9050758295964105
ID109357,109357,6,21.299943923950195,9.786621537794426,5.377264581205729,0.0,59.98733711242676,12,0.65,1,,312.06201550387595,241.0,142.0,1010.0,40256.0,184.89286390780748,0.3138620693845629,0.8063801233120343
ID109292,109292,6,22.686159133911133,9.786621537794426,5.592355164453958,0.0,4.9989447593688965,1,0.65,1,,327.1240310077519,249.0,174.0,1071.0,42199.0,193.3799695447386,0.3277224228546181,0.8350833495840381
ID109487,109487,6,8.743046760559082,9.248895079673854,5.592355164453958,0.0,119.97467422485352,24,0.65,1,,215.32558139534885,213.0,132.0,320.0,27777.0,47.56741314812748,0.20114781321020256,1.5161247966598155
ID109424,109424,6,11.439384460449219,9.571530954546198,5.484809872829843,0.0,104.97783994674683,21,0.65,1,,241.53488372093022,216.0,154.0,479.0,31158.0,72.87018064163273,0.2258410216471904,1.2213178133324158
ID109554,109554,6,20.180028915405273,9.786621537794426,5.592355164453958,0.0,169.96412181854248,34,0.65,1,,308.031007751938,244.0,154.0,908.0,39736.0,162.84875738244904,0.31737007515561105,0.9113772093529395
ID109301,109301,6,24.459959030151367,9.894166829418541,5.484809872829843,0.0,14.99683427810669,3,0.65,1,,341.3178294573643,260.0,164.0,1070.0,44030.0,203.80164163409464,0.34761254796133395,0.8639959202110529
ID109367,109367,6,18.82123565673828,9.571530954546198,5.592355164453958,0.0,64.98628187179565,13,0.65,1,,292.91472868217056,240.0,164.0,676.0,37786.0,129.54324995728695,0.31077589756092056,1.0721987576094536
ID109495,109495,6,10.22225284576416,9.248895079673854,5.592355164453958,0.0,129.9725637435913,26,0.65,1,,225.37209302325581,219.0,137.0,368.0,29073.0,59.719666694618105,0.2226136565526963,1.374280294095453
ID109433,109433,6,11.837783813476562,9.35644037129797,5.592355164453958,0.0,99.97889518737793,20,0.65,1,,239.03100775193798,218.0,142.0,428.0,30835.0,69.37476779065824,0.2437845423889113,1.3506527445344891
ID109561,109561,6,18.363731384277344,9.679076246170313,5.377264581205729,0.0,179.96201133728027,36,0.65,1,,293.09302325581393,247.0,141.0,736.0,37809.0,136.97179464791196,0.3046328826553157,0.9992928726769627
ID109310,109310,6,18.807254791259766,9.679076246170313,5.592355164453958,0.0,19.995779037475586,4,0.65,1,,300.95348837209303,250.0,156.0,821.0,38823.0,144.48096005968205,0.3097390153464096,0.9852124858535134
ID109380,109380,7,5.870250225067139,15.4865219938725,12.90543499489375,0.0,54.98839235305786,11,0.65,1,,163.51937984496124,145.0,116.0,283.0,21094.0,44.04225612536673,0.13513942101956317,0.8840208673950697
ID109444,109444,7,6.918032646179199,15.701612577120729,12.69034441164552,0.0,89.98100566864014,18,0.65,1,,168.96899224806202,143.0,109.0,360.0,21797.0,57.799348231686416,0.14913352341439243,0.7587852019472993
ID109572,109572,7,9.447230339050293,15.056340827376042,13.443161453014323,0.0,174.96306657791138,35,0.65,1,,184.3798449612403,151.0,110.0,420.0,23785.0,74.87867205086354,0.19849474540550052,0.8156393833470258
ID109257,109257,7,6.756451606750488,16.2393390352413,12.367708536773177,0.0,0.0,0,0.65,1,,180.9922480620155,163.0,126.0,316.0,23348.0,47.936725242114576,0.1593065908625409,1.0376647092762752
ID109322,109322,7,5.549853801727295,14.733704952503697,13.443161453014323,0.0,24.994723796844482,5,0.65,1,,156.10852713178295,140.0,112.0,298.0,20138.0,44.075262391107344,0.13785688728423112,0.8582277265307409
ID109514,109514,7,10.403531074523926,15.4865219938725,12.69034441164552,0.0,139.9704532623291,28,0.65,1,,189.6046511627907,150.0,109.0,481.0,24459.0,89.40405284827793,0.21602239158538444,0.7534925690112114
ID109389,109389,7,5.91080904006958,17.099701368234218,12.260163245149062,0.0,69.98522663116455,14,0.65,1,,186.86046511627907,171.0,139.0,327.0,24105.0,42.72856629828547,0.11887562843149055,0.9292661382538215
ID109453,109453,7,7.474649429321289,15.163886119000155,12.90543499489375,0.0,94.97995042800903,19,0.65,1,,168.36434108527132,145.0,115.0,343.0,21719.0,58.1333244018244,0.17347736732547814,0.8562943064843952
ID109265,109265,7,6.061678409576416,14.733704952503697,13.228070869766093,0.0,9.997889518737793,2,0.65,1,,162.67441860465115,145.0,117.0,260.0,20985.0,40.75769919419705,0.15583860834591656,1.076260653412908
ID109521,109521,7,7.842609882354736,15.378976702248385,12.90543499489375,0.0,144.969398021698,29,0.65,1,,175.84496124031008,151.0,116.0,354.0,22684.0,60.34593627738158,0.17185608367935365,0.8546780015469733
ID109332,109332,7,7.0712785720825195,15.163886119000155,13.12052557814198,0.0,39.99155807495117,8,0.65,1,,164.65891472868216,138.0,113.0,371.0,21241.0,61.34170381508803,0.1657515021431037,0.7633274825044284
ID109463,109463,7,8.947585105895996,15.27143141062427,13.012980286517864,0.0,109.97678470611572,22,0.65,1,,176.97674418604652,144.0,111.0,398.0,22830.0,71.67695161236881,0.20376819124085904,0.8359113023849821
ID109398,109398,7,7.36543083190918,16.777065493361874,12.367708536773177,0.0,74.98417139053345,15,0.65,1,,197.24806201550388,189.0,124.0,320.0,25445.0,46.585611882813375,0.1764303719643406,1.2699834399803576
ID109528,109528,7,10.80078125,15.27143141062427,13.012980286517864,0.0,149.9683427810669,30,0.65,1,,187.58139534883722,141.0,109.0,536.0,24198.0,100.27195034586089,0.22071092109494717,0.6764742793460308
ID109275,109275,7,7.013500213623047,15.4865219938725,12.797889703269636,0.0,34.992613315582275,7,0.65,1,,167.1782945736434,138.0,114.0,364.0,21566.0,60.46466550964951,0.15173865492507632,0.7285351639321532
ID109471,109471,7,7.414247989654541,16.2393390352413,12.69034441164552,0.0,114.97572946548462,23,0.65,1,,180.0077519379845,159.0,119.0,346.0,23221.0,55.515411166071566,0.16780338211187243,0.9318341539172335
ID109535,109535,7,7.20237922668457,15.809157868744844,12.69034441164552,0.0,154.9672875404358,31,0.65,1,,171.34883720930233,143.0,116.0,366.0,22104.0,60.590022276102566,0.15609870603000658,0.7636853034790512
ID109342,109342,7,6.475127696990967,15.594067285496614,12.90543499489375,0.0,44.99050283432007,9,0.65,1,,166.45736434108528,143.0,115.0,333.0,21473.0,53.133970970783196,0.14654161165972693,0.8008144068672279
ID109408,109408,7,6.533796310424805,15.594067285496614,12.69034441164552,0.0,84.98206090927124,17,0.65,1,,163.66666666666666,138.0,111.0,349.0,21113.0,56.71947600545453,0.14420648472096112,0.7273415681792644
ID109351,109351,7,6.37302827835083,16.66952020173776,12.367708536773177,0.0,49.989447593688965,10,0.65,1,,186.52713178294573,179.0,133.0,269.0,24062.0,35.600886031674975,0.15922190921761686,1.4392871484940895
ID109543,109543,7,10.744029998779297,15.163886119000155,13.012980286517864,0.0,159.9662322998047,32,0.65,1,,186.70542635658916,140.0,110.0,517.0,24085.0,96.72685471703095,0.22248312446792018,0.7025772328673857
ID109286,109286,7,7.613635063171387,14.841250244127812,13.012980286517864,0.0,29.99366855621338,6,0.65,1,,169.64341085271317,144.0,114.0,382.0,21884.0,61.60735021712258,0.1827658020982189,0.8510021147805661
ID109481,109481,7,8.332246780395508,15.056340827376042,13.12052557814198,0.0,124.97361898422241,25,0.65,1,,173.14728682170542,142.0,114.0,371.0,22336.0,65.30291206839404,0.19574901039283296,0.8681058503764966
ID109418,109418,7,7.105229377746582,15.916703160368957,12.47525382839729,0.0,79.98311614990234,16,0.65,1,,175.52713178294573,153.0,114.0,386.0,22643.0,62.5068843107726,0.14595926632380268,0.7153340386221373
ID109294,109294,7,6.7545270919799805,15.27143141062427,13.12052557814198,0.0,4.9989447593688965,1,0.65,1,,165.11627906976744,139.0,113.0,339.0,21300.0,56.44696458664993,0.1485423265769278,0.7566281816728805
ID109550,109550,7,11.683460235595703,14.841250244127812,13.443161453014323,0.0,164.96517705917358,33,0.65,1,,198.68992248062017,156.0,114.0,497.0,25631.0,95.61877418046727,0.2398499071423789,0.8039575258916206
ID109361,109361,7,6.616849422454834,16.561974910113644,12.47525382839729,0.0,59.98733711242676,12,0.65,1,,178.75968992248062,163.0,120.0,327.0,23060.0,47.50654152222723,0.1522341167244086,0.9942999898270285
ID109427,109427,7,9.048689842224121,15.163886119000155,13.12052557814198,0.0,104.97783994674683,21,0.65,1,,176.7906976744186,143.0,112.0,419.0,22806.0,75.70932018444424,0.20389604892320792,0.7909697595343843
ID109490,109490,7,11.756704330444336,14.841250244127812,13.443161453014323,0.0,119.97467422485352,24,0.65,1,,195.58139534883722,149.0,115.0,486.0,25230.0,94.62414940786941,0.24710817268064206,0.8191030275965151
ID109557,109557,7,9.464913368225098,15.056340827376042,13.335616161390208,0.0,169.96412181854248,34,0.65,1,,183.6201550387597,146.0,113.0,463.0,23687.0,82.73028407482217,0.18860090786123324,0.7043581614048241
ID109304,109304,7,6.735799312591553,14.733704952503697,13.443161453014323,0.0,14.99683427810669,3,0.65,1,,163.06201550387595,140.0,114.0,317.0,21035.0,50.880950502432704,0.16648685719342357,0.9148032337729618
ID109498,109498,7,9.015267372131348,15.163886119000155,12.69034441164552,0.0,129.9725637435913,26,0.65,1,,177.97674418604652,145.0,110.0,410.0,22959.0,74.21700288641317,0.20007356765158632,0.7995979782889652
ID109566,109566,7,9.184226989746094,16.2393390352413,12.69034441164552,0.0,179.96201133728027,36,0.65,1,,191.30232558139534,161.0,122.0,406.0,24678.0,71.01546977718601,0.19946087828906606,0.895919358016739
ID109377,109377,8,8.438526153564453,10.646983870787343,7.313079830439792,0.0,54.98839235305786,11,0.65,1,,216.10077519379846,202.0,132.0,380.0,27877.0,60.617247566343536,0.1634217195506813,1.0015271260963325
ID109505,109505,8,6.693134307861328,10.646983870787343,7.313079830439792,0.0,134.9715085029602,27,0.65,1,,211.65891472868216,201.0,141.0,354.0,27304.0,47.032152586693115,0.1390362492045649,1.0986571900101014
ID109442,109442,8,7.831722736358643,10.646983870787343,7.420625122063906,0.0,89.98100566864014,18,0.65,1,,210.93798449612405,199.0,129.0,346.0,27211.0,52.91956631559831,0.1563159295851476,1.0776934425801752
ID109512,109512,8,6.093170642852783,10.539438579163228,7.420625122063906,0.0,139.9704532623291,28,0.65,1,,205.51162790697674,201.0,141.0,339.0,26511.0,42.81649001098135,0.12712286704123088,1.082699038990312
ID109451,109451,8,8.217399597167969,10.646983870787343,7.420625122063906,0.0,94.97995042800903,19,0.65,1,,213.96124031007753,196.0,132.0,386.0,27601.0,59.60605085433535,0.15633590644108888,0.970620541071228
ID109386,109386,8,8.038373947143555,10.646983870787343,7.420625122063906,0.0,69.98522663116455,14,0.65,1,,209.6201550387597,189.0,125.0,413.0,27041.0,66.62572628572822,0.15236381607792862,0.8319808029379708
ID109519,109519,8,6.611509323120117,10.539438579163228,7.420625122063906,0.0,144.969398021698,29,0.65,1,,207.35658914728683,196.0,132.0,330.0,26749.0,43.22249820145978,0.1348767617453924,1.1403190991272223
ID109329,109329,8,8.626877784729004,10.646983870787343,7.420625122063906,0.0,39.99155807495117,8,0.65,1,,217.015503875969,201.0,131.0,403.0,27995.0,63.8457595126876,0.17052566356044246,0.9903700714112181
ID109395,109395,8,8.037274360656738,10.646983870787343,7.420625122063906,0.0,74.98417139053345,15,0.65,1,,213.3953488372093,204.0,133.0,380.0,27528.0,61.043327159466614,0.1533171721169544,0.9294345018401505
ID109460,109460,8,6.979640483856201,10.646983870787343,7.313079830439792,0.0,109.97678470611572,22,0.65,1,,209.88372093023256,201.0,127.0,380.0,27075.0,53.85928249658095,0.13959118920776853,0.9546784326653768
ID109526,109526,8,6.578316688537598,10.539438579163228,7.420625122063906,0.0,149.9683427810669,30,0.65,1,,204.65891472868216,193.0,130.0,343.0,26401.0,46.85391127683989,0.13596381586946477,1.0456194627535709
ID109272,109272,8,7.065097808837891,10.646983870787343,7.313079830439792,0.0,34.992613315582275,7,0.65,1,,212.1860465116279,204.0,144.0,346.0,27372.0,45.71716161660816,0.1501265747246819,1.2116564406311512
ID109339,109339,8,7.831770896911621,10.754529162411458,7.313079830439792,0.0,44.99050283432007,9,0.65,1,,214.63565891472868,200.0,135.0,374.0,27688.0,55.61164699060577,0.1521347003247787,1.0192744563873375
ID109405,109405,8,7.2257080078125,10.539438579163228,7.420625122063906,0.0,84.98206090927124,17,0.65,1,,206.24031007751938,201.0,126.0,333.0,26605.0,51.56379167985129,0.1458526688363475,1.0182262831997233
ID109469,109469,8,7.084017276763916,10.646983870787343,7.420625122063906,0.0,114.97572946548462,23,0.65,1,,205.30232558139534,191.0,136.0,399.0,26484.0,58.619350027737596,0.13805733027298503,0.849724609386325
ID109533,109533,8,6.848333358764648,10.539438579163228,7.528170413688021,0.0,154.9672875404358,31,0.65,1,,203.96124031007753,196.0,120.0,329.0,26311.0,48.67131520156007,0.13993583570437415,1.0288524525139628
ID109283,109283,8,7.62502908706665,10.539438579163228,7.313079830439792,0.0,29.99366855621338,6,0.65,1,,217.14728682170542,211.0,130.0,336.0,28012.0,49.70665523461022,0.16171622986039122,1.2162515698281897
ID109348,109348,8,8.499361991882324,10.754529162411458,7.313079830439792,0.0,49.989447593688965,10,0.65,1,,219.49612403100775,207.0,133.0,378.0,28315.0,60.89593121042241,0.1631265660686434,1.0110352418932815
ID109540,109540,8,6.637094497680664,10.539438579163228,7.420625122063906,0.0,159.9662322998047,32,0.65,1,,207.43410852713177,197.0,127.0,327.0,26759.0,44.36687336875768,0.13657370053470919,1.1236235040561984
ID109415,109415,8,8.347710609436035,10.646983870787343,7.313079830439792,0.0,79.98311614990234,16,0.65,1,,216.80620155038758,202.0,129.0,404.0,27968.0,61.32101463805301,0.16527373960208042,1.0029245414408638
ID109479,109479,8,5.800326347351074,10.539438579163228,7.313079830439792,0.0,124.97361898422241,25,0.65,1,,200.15503875968992,195.0,133.0,300.0,25820.0,39.19690868160139,0.12537202531887678,1.1377562573531517
ID109548,109548,8,6.257351875305176,10.539438579163228,7.420625122063906,0.0,164.96517705917358,33,0.65,1,,209.86821705426357,204.0,136.0,304.0,27073.0,38.26294303993773,0.13651864234481645,1.3176913473835918
ID109358,109358,8,7.0765156745910645,10.646983870787343,7.313079830439792,0.0,59.98733711242676,12,0.65,1,,211.3953488372093,209.0,128.0,333.0,27270.0,49.37506623486875,0.14040976594145932,1.0542755134277297
ID109425,109425,8,6.4295334815979,10.646983870787343,7.420625122063906,0.0,104.97783994674683,21,0.65,1,,205.3953488372093,199.0,135.0,337.0,26496.0,44.598980265222146,0.1376423302464245,1.114402159095902
ID109488,109488,8,5.986879825592041,10.539438579163228,7.313079830439792,0.0,119.97467422485352,24,0.65,1,,201.2248062015504,193.0,131.0,306.0,25958.0,41.81380609134931,0.1223139135959741,1.0489464748461832
ID109368,109368,8,7.606484413146973,10.646983870787343,7.313079830439792,0.0,64.98628187179565,13,0.65,1,,208.4496124031008,192.0,128.0,369.0,26890.0,57.88876203011984,0.13918436295203593,0.8798998759769284
ID109496,109496,8,7.09724760055542,10.646983870787343,7.313079830439792,0.0,129.9725637435913,26,0.65,1,,213.90697674418604,204.0,144.0,361.0,27594.0,50.17382937418437,0.13724783529996692,1.0290301068004635
ID109434,109434,8,7.723050594329834,10.754529162411458,7.313079830439792,0.0,99.97889518737793,20,0.65,1,,215.4108527131783,205.0,137.0,381.0,27788.0,55.09560049403627,0.1470317364877008,1.0023428732098136
ID109312,109312,9,7.6169304847717285,18.605335450971822,10.539438579163228,0.0,19.995779037475586,4,0.65,1,,211.86046511627907,187.0,138.0,459.0,27330.0,64.88628805770118,0.141830436833412,0.8111381200481085
ID109379,109379,9,6.1316914558410645,18.49779015934771,10.646983870787343,0.0,54.98839235305786,11,0.65,1,,204.90697674418604,189.0,142.0,362.0,26433.0,47.227415545102275,0.131924544650383,1.0113481580904073
ID109285,109285,9,5.779719352722168,18.49779015934771,10.539438579163228,0.0,29.99366855621338,6,0.65,1,,195.72093023255815,174.0,130.0,469.0,25248.0,64.16543276272597,0.09398948400838433,0.5241218402594393
ID109350,109350,9,7.927815914154053,18.605335450971822,10.539438579163228,0.0,49.989447593688965,10,0.65,1,,210.015503875969,186.0,136.0,471.0,27092.0,68.00907390011966,0.14778559606030225,0.7952173163995396
ID109321,109321,9,7.61992073059082,18.39024486772359,10.646983870787343,0.0,24.994723796844482,5,0.65,1,,209.75193798449612,184.0,139.0,448.0,27058.0,67.47534630882693,0.14354522908456605,0.7804161928580494
ID109417,109417,9,5.610085964202881,18.605335450971822,10.539438579163228,0.0,79.98311614990234,16,0.65,1,,192.30232558139534,173.0,137.0,398.0,24807.0,52.51080315206023,0.10105686293362286,0.6722362616451867
ID109388,109388,9,5.584185600280762,18.49779015934771,10.539438579163228,0.0,69.98522663116455,14,0.65,1,,193.56589147286823,173.0,133.0,449.0,24970.0,62.53347165734028,0.09083261976105304,0.5155015927384826
ID109360,109360,9,7.43183708190918,18.39024486772359,10.539438579163228,0.0,59.98733711242676,12,0.65,1,,206.3953488372093,183.0,135.0,443.0,26625.0,65.53045792375997,0.131389707303346,0.7315361977856313
ID109331,109331,9,5.960555553436279,18.605335450971822,10.539438579163228,0.0,39.99155807495117,8,0.65,1,,194.64341085271317,174.0,134.0,440.0,25109.0,61.777675788064364,0.10052427988451293,0.575585015398142
ID109397,109397,9,5.550141334533691,18.49779015934771,10.539438579163228,0.0,74.98417139053345,15,0.65,1,,188.36434108527132,171.0,132.0,416.0,24299.0,58.334292281708116,0.0958871773176755,0.5650663452194926
ID109303,109303,9,6.11322546005249,18.605335450971822,10.539438579163228,0.0,14.99683427810669,3,0.65,1,,197.50387596899225,174.0,141.0,439.0,25478.0,61.23623876418684,0.10278818785920062,0.6012404827475888
ID109274,109274,9,5.534425735473633,18.49779015934771,10.539438579163228,0.0,34.992613315582275,7,0.65,1,,190.984496124031,170.0,139.0,430.0,24637.0,58.02733522015239,0.09249248650720159,0.5572928587121391
ID109370,109370,9,5.604533672332764,18.49779015934771,10.539438579163228,0.0,64.98628187179565,13,0.65,1,,197.5581395348837,179.0,139.0,386.0,25485.0,53.00146032433095,0.09856083275624364,0.6688324579128413
ID109341,109341,9,6.236724853515625,18.71288074259594,10.431893287539115,0.0,44.99050283432007,9,0.65,1,,201.32558139534885,184.0,142.0,422.0,25971.0,56.020526761220765,0.12098957438286774,0.775761361616409
ID109407,109407,9,6.1238298416137695,18.49779015934771,10.539438579163228,0.0,84.98206090927124,17,0.65,1,,188.1627906976744,165.0,131.0,448.0,24273.0,65.36433836314082,0.1051523981230453,0.5477972946046427
ID109364,109364,10,5.7520833015441895,11.077165037283802,3.1188134570993227,0.0,64.98628187179565,13,0.65,1,,198.62790697674419,174.0,142.0,396.0,25623.0,56.02762568694375,0.09931321507291462,0.6405508860065743
ID109354,109354,10,5.558831214904785,11.077165037283802,3.1188134570993227,0.0,59.98733711242676,12,0.65,1,,195.5891472868217,176.0,133.0,406.0,25231.0,56.519025060579814,0.09035592725249068,0.5735462512251558
ID109373,109373,10,5.706470489501953,11.077165037283802,3.1188134570993227,0.0,54.98839235305786,11,0.65,1,,197.7674418604651,178.0,135.0,400.0,25512.0,56.56115490498799,0.09549050761660448,0.6095623100581942
ID109456,109456,11,5.77427339553833,10.969619745659687,3.011268165475208,0.0,109.97678470611572,22,0.65,1,,192.7906976744186,166.0,132.0,416.0,24870.0,62.117287551781416,0.097871118910737,0.5533587482273036
ID109411,109411,11,6.19881010055542,10.969619745659687,3.2263587487234373,0.0,79.98311614990234,16,0.65,1,,201.02325581395348,180.0,145.0,410.0,25932.0,58.43619184582326,0.1075438797962618,0.6680656632068388
ID109474,109474,11,5.580881118774414,10.969619745659687,3.1188134570993227,0.0,124.97361898422241,25,0.65,1,,193.2248062015504,173.0,132.0,411.0,24926.0,61.58318057590856,0.08326238475527534,0.4823318530810955
ID109447,109447,11,6.087376117706299,10.969619745659687,3.1188134570993227,0.0,94.97995042800903,19,0.65,1,,194.15503875968992,171.0,142.0,405.0,25046.0,59.57446097275072,0.10025821431963775,0.593941792945969
ID109430,109430,11,5.750123500823975,10.969619745659687,3.1188134570993227,0.0,99.97889518737793,20,0.65,1,,189.45736434108528,163.0,136.0,416.0,24440.0,61.814112434977424,0.08941849366800632,0.5031372309208054
ID109401,109401,11,6.06707763671875,10.969619745659687,3.2263587487234373,0.0,84.98206090927124,17,0.65,1,,197.74418604651163,176.0,137.0,399.0,25509.0,57.62639356636087,0.1071027999195244,0.6639343732184259
ID109421,109421,11,5.702093124389648,10.969619745659687,3.011268165475208,0.0,104.97783994674683,21,0.65,1,,191.04651162790697,163.0,138.0,405.0,24645.0,61.15105023437817,0.09427630898380426,0.5383203056573576
ID109484,109484,11,5.547817230224609,10.969619745659687,3.1188134570993227,0.0,119.97467422485352,24,0.65,1,,193.8139534883721,171.0,137.0,439.0,25002.0,62.09641790215495,0.09060193278647502,0.5185846856972244
ID109438,109438,11,5.744080066680908,10.862074454035573,3.2263587487234373,0.0,89.98100566864014,18,0.65,1,,198.31007751937983,177.0,144.0,407.0,25582.0,56.75121122738433,0.1011646745606025,0.6420609588023296
ID109333,109333,12,6.178347587585449,1.290543499489375,13.765797327886666,0.0,39.99155807495117,8,0.65,1,,173.72093023255815,152.0,119.0,413.0,22410.0,62.53248864892478,0.1377045282440318,0.6725044524801889
ID109276,109276,12,6.430363655090332,1.505634082737604,13.980887911134895,0.0,34.992613315582275,7,0.65,1,,176.64341085271317,151.0,126.0,385.0,22787.0,59.12986217449855,0.12635823660549372,0.6702666148261988
